mean0,std0,mean1,std1,mean2,std2,mean3,std3,mean4,std4,mean5,std5,mean6,std6,mean7,std7,mean8,std8,mean9,std9,mean10,std10,mean11,std11,mean12,std12,mean13,std13,mean14,std14,mean15,std15,mean16,std16,mean17,std17,mean18,std18,mean19,std19,mean20,std20,mean21,std21
-10.0,1.0,-8.0,1.0,-6.0,1.0,-4.0,1.0,-2.0,1.0,0.0,1.0,2.0,1.0,4.0,1.0,6.0,1.0,8.0,1.0,10.0,1.0,5.0,0.5,5.0,1.0,5.0,1.5,5.0,2.0,5.0,2.5,5.0,3.0,5.0,4.0,5.0,6.0,5.0,8.0,5.0,10.0,5.0,12.0
-9.030680019392662,3.5174791277672948,-7.428293619668531,2.209909510070196,-5.780745619967449,1.2150890752890138,-3.500971745589057,1.9830731441950171,-1.9061386063802788,0.9982816198818839,-0.13522056794065934,1.0546882751348008,1.6901908883169974,1.4359660095404316,3.7657560034046966,1.2488095439481317,5.355587004853445,2.4422096532651403,7.191125804228614,2.9808746125988788,9.051142972815407,3.448611030934276,4.274744281104225,2.5789650024985913,4.717499896104693,1.36539347023708,4.753698085033803,1.6557344682701896,4.737631796006954,2.096878054826562,4.324942201681693,3.335454881817132,4.300214055134793,3.73968270414896,4.6082330938487255,4.012244370023778,4.442098925134359,5.983661987510344,4.394760964718765,7.833649439587156,4.358375559368762,9.691261880395649,4.557636567804541,11.418918973332575
-7.832766380931676,5.341982098720171,-6.902790653024956,2.777818304917677,-5.106073496760115,2.622162038571602,-3.4889357858149213,1.8701327296289663,-1.6478158978332216,1.3043899354518038,-0.4999449192873536,1.6169780673574026,1.162041241298897,2.289580565795879,3.2953093578950616,2.0226881812272337,4.519800562038549,3.7201312925346666,6.619570257870737,3.4483367863888272,8.107061624207313,4.633035956264015,3.7072881101498165,3.1381027447216647,4.297066720717854,1.9538691152222116,4.113576719515664,2.7285474955765276,4.379898175510103,2.339331537242167,4.041825282612002,3.296785387718845,4.023822785914532,3.6558164999052862,3.958028690546,4.41322599751736,4.1055461132599165,5.762842120150972,4.017546391929362,7.502447749238388,4.109651625004616,9.17829232593643,3.9318349236373495,10.98591386437366
-7.325389540305801,5.339700578046992,-6.1036498887351875,3.829404537516184,-4.735082183911597,2.7917670830737134,-3.216629045010251,2.003768037447857,-1.616775681668753,1.2345691682982074,-0.32513875977232637,1.642431660577365,0.9766645111560096,2.2538246965939916,2.8900559229690113,2.3756982118699925,3.734946454576918,4.453145846471264,6.183997992333363,3.590075278914993,7.388333008446356,5.039212547818076,3.429724931618076,3.113698331207296,3.8255165682739545,2.47207484256172,3.757285815966587,2.8581953194986407,3.7196119578225075,3.19265379249488,3.581367795491623,3.5003598523006727,3.5703305067964206,3.793884427484861,3.654972024404279,4.293603477002189,3.930394323245079,5.467656321641571,3.8999861410401526,7.0853057898820255,3.442565540880035,8.962135304604478,3.5623925210724976,10.43783754345973
-6.672639357487469,5.527389641435068,-5.678578194795249,3.9042735395458767,-4.2691087340630185,3.0954472971533855,-3.2059398049179504,1.8895401958940425,-1.3208667536373604,1.557245379802849,-0.2931184122738587,1.5525404760966908,0.8743029749496002,2.1548491402265255,2.5063983418415963,2.610721086049206,3.3288680412732305,4.431992629258193,5.458967766705491,4.228641693582688,6.7600238717128605,5.234227796809127,3.318771931374211,2.9611390618222777,3.5849540498226005,2.477789516641683,3.2285769585874444,3.2677358797977636,3.397638213227898,3.2136460092128267,3.253092382075681,3.4940310203523754,3.410730237677274,3.62016604042498,3.1827383320421774,4.371762410490714,4.079550100224538,5.181262654469408,3.3292664467132593,6.971702898409877,3.2391883849988683,8.479444447034373,3.204917905209479,9.919925580913537
-5.910850374041029,5.852366663429508,-5.033068273164302,4.317689086825443,-3.6057015224986526,3.727769006236995,-2.9580424897070645,1.9810977847019446,-1.241291163221599,1.494309784491393,-0.49420293803016446,1.6238125218208104,0.6693242551564692,2.15429258431634,2.4619539841682676,2.466310780978229,2.9919284735292293,4.341384562564475,5.173863584180749,4.109508865219894,6.318902237178341,5.170233582098151,3.0173122506358534,2.9840935651438,2.7138287807003154,3.8382583276157733,3.2316944991643384,3.0808702114366366,3.3259097537535607,3.040214032836029,2.914978028214574,3.499862964952864,3.2093451864787497,3.4849831906984345,2.901222326307417,4.237610586607747,3.478477545385427,5.317743520377842,2.810485661624072,6.818616801384658,3.068448730070679,8.01675016115138,3.0891073889251945,9.361355057254892
-5.147646713620314,6.128932710300491,-4.215112265823866,4.97477230855629,-3.0678323526761417,3.9859956365853977,-2.5583530049366674,2.3326349604011343,-0.9020142924281802,1.8416677620601531,-0.49893426175690364,1.531034481244599,0.3530829606199695,2.312496330602166,2.277933786982013,2.41261703398168,2.416556930695071,4.560661802779098,4.787701720738972,4.10295033728465,6.129775147594449,4.919181486896597,2.872328581559868,2.8587243525958663,2.181229348348813,4.069679935594449,3.038125016149522,2.9824616231255376,3.2385609136964955,2.8825623460184313,2.5863575441019395,3.493985032582832,2.636639365990058,3.8476540899904763,2.6661336197089853,4.078917133893832,3.260770691284542,5.071059054013599,2.551769995343796,6.49196938302045,2.5812628199425856,7.747793789084397,2.548696513004859,9.025916873668491
-4.65807818973458,6.02656191550643,-3.700728678024566,5.023188766660395,-2.76903750560273,3.9005114962180314,-1.9997684952812655,2.9411131463151654,-0.9337940252912684,1.739891945009697,-0.558295355217982,1.4583150093301283,0.8212750753422801,2.726282336892826,2.239997458291626,2.278500378540042,2.2983641212657067,4.319641678255719,4.533958519113653,3.9687113654828003,5.7165092261516355,4.857680418209078,2.4313321637857097,3.1050317916937056,1.6878512430702974,4.206803659284753,2.6164255356366404,3.1749360163712956,2.9875918214922916,2.855826963441286,2.371906923437145,3.378399503063372,2.6445237951687357,3.6277077861363027,2.4572021295969377,3.9143933872742847,2.8784922656435503,4.964318984877174,2.372165690712372,6.152810373653422,2.3653782827359042,7.343577265277777,2.1072075321576076,8.648556594446129
-4.462396530673241,5.722932741345607,-3.2284141592094286,5.015512753217857,-2.452688549185413,3.8401439831502846,-1.6012090769313512,3.103307006879373,-0.7371592343101013,1.7786064568501003,-0.6819957591798719,1.4413210847821012,0.6705162137790903,2.623844270891507,2.222858598400947,2.149026220228741,2.107419764002385,4.126944067964527,4.385815824174883,3.7774101593421,4.955957210266852,5.295750948102118,2.5153726245200025,2.9421588316117,1.7442044050121326,3.971102574249029,2.5071985856977443,3.0176169330125755,2.737681092864781,2.830706078232678,2.320079458708029,3.190334971779225,2.7263075002682537,3.4321657147076197,2.1368031490423167,3.856767651575339,2.7921335833438494,4.6901322451129595,2.2813291153592297,5.809611242774099,2.0568873489328934,7.007086481199578,1.9314438985288762,8.177057766012867
-3.9341123314326807,5.702971299284073,-2.9096330998423894,4.858226647665182,-2.2860583186038244,3.667088857548492,-1.5563694754980368,2.930022372228007,-0.49156556328052986,1.8839177578259292,-0.7702296604674582,1.3934619598725506,0.6235767738142708,2.479221075611018,2.040179591452636,2.1243924024321603,1.9788555372743943,3.916794357694668,4.0879320825824434,3.7105171798965877,4.582083734639485,5.161134416322543,2.0234608374238836,3.2637381671719874,1.2552755824832404,4.115727268345196,1.806301882423619,3.754793623384688,2.5411783919903645,2.7558148516737573,2.2558240973534653,3.016253388231628,2.4747502014825566,3.353257291196708,1.8704904569656085,3.7534979721384847,2.4991727253544305,4.53896208017887,1.779327675744095,5.751649631276434,1.8077119237590134,6.663531019380734,1.7482224545707077,7.735968663023709
-3.6560884829254348,5.463960221924191,-2.610828208238155,4.697992588303607,-2.40790385700394,3.4835075297485236,-1.3183300875548232,2.8850794585132293,-0.32018176120544983,1.8745113076782656,-0.7820427439277321,1.314417498885475,0.47574674887983176,2.393885867602521,1.8168836045408028,2.1496528244474513,2.2042396025666777,3.7759178690072557,3.8863502897193345,3.5685878945785237,4.1958725415955405,5.049818116926582,1.7496877588380888,3.2225004341394263,1.2369298252723115,3.880874900329139,1.6141038534901702,3.603257943854142,2.288148452090092,2.7446671631263846,2.0547930181911416,2.929310886785467,2.216035266982234,3.2883185773346355,1.851532570254503,3.5394524117646964,2.35724810263798,4.30804286527042,1.9109763285105492,5.4422037846504505,1.5562000290782068,6.34367200723372,2.0127824416863893,7.3519521805690795
-3.1688376689980187,5.425806233774347,-2.5838376423981697,4.4303148727943436,-2.382133652574649,3.2855178698259917,-0.9152832819224211,3.0633788151109127,-0.48715679105120185,1.8612186511359918,-0.675882676517605,1.293627220964726,0.501246229928416,2.2587371340239555,1.8350510533630868,2.027707087845157,2.17122348031937,3.561840240724726,3.5157400504474734,3.6053551363138987,3.967209617998036,4.827661553789288,1.6809622272006088,3.047688089922594,1.0523072707061116,3.715417182767533,1.3097746626174978,3.559892799345345,2.079103053826476,2.688919244471966,1.8375627484591854,2.8642952804248933,1.9890783410375426,3.2001797104767187,1.8178345720405227,3.3391066346882967,2.0673093959290183,4.186233477235515,1.8244204470125416,5.139874269297928,1.1616592003346793,6.137863069079271,1.6694577561395711,7.034640552221523
-2.799388965015162,5.276037488577998,-2.2713861254399537,4.317411435445832,-2.3042994460966764,3.1095447932374904,-0.6582251688334119,3.024768020572445,-0.5923662398348831,1.7929080050503339,-0.604534166430337,1.2448890259622603,0.5510783239495552,2.136671962040981,1.6924297506224766,1.9756928526546793,1.6695024559350562,3.7886275101734075,3.228154299634584,3.544734707505197,3.8254178568973427,4.57847703949014,1.5771534507388858,2.8962161209911463,1.1571792050840666,3.5220636662845046,1.631849908303343,3.540139121086791,1.8341187709334426,2.675904758756913,1.4950386438201404,2.9540744644977734,1.674563490280311,3.2112710616571136,1.6233873625437836,3.220699265747403,1.7396854697727884,4.109656972388616,1.9467760425533505,4.864762848246828,0.6567319751576758,6.0500832844394425,1.2039830745404136,6.829044803100279
-2.3881314798381283,5.177914335045194,-2.023397987148099,4.161798821343537,-2.0207032536490264,3.0948182249616245,-0.4185228039328287,2.972355355559413,-0.41591658929547537,1.799411805930274,-0.6871706579760644,1.2087255164262296,0.5632904384925357,2.014926012387266,1.2590586555671541,2.4010658199938737,1.3635695590717118,3.7286433397996968,3.161639219634391,3.3500882462365933,3.5001957615109807,4.4638579633806525,1.2913821715864673,2.9076091208076984,1.1335173589827179,3.3216636875817582,1.2438887882962126,3.6027335508114735,1.6318616343163408,2.620084914821645,1.3562886072989941,2.8270542290163014,1.7212223498887733,3.032006487483661,1.440411830842929,3.103153146491485,1.6293219852490297,3.893784995268511,1.7410564608165955,4.642587887656753,0.5721657749951884,5.711729847256043,0.8853355711960681,6.5341479835182605
-2.318353563770439,4.887875705608663,-1.8650296977787948,3.9626507975967185,-1.7459590866777264,3.071852102663796,-0.34441149590422004,2.814315474998218,-0.43187953440368076,1.697419364682361,-0.707646209219792,1.1418433583143648,0.6004078234615169,1.9041172265652162,1.3033678205528691,2.2690404189811963,1.4170002808683193,3.5203579658095503,3.1918172338406454,3.160255060735485,3.0844565377856936,4.4524715305559655,1.2903636522578177,2.7413224810747305,0.8158453574798789,3.322788358634024,0.8456625965087473,3.670933324948414,1.4118544546369038,2.58721444348427,1.1468073834075019,2.7641544228113952,1.750538264765899,2.8604398114878764,1.211473981307219,3.033184151810399,1.3951655367694402,3.76126027010346,1.6364405402324875,4.39232755747388,0.4738322108717412,5.396032561737049,0.8565757722485727,6.161274244360956
-1.6173617089664463,5.219445321349393,-1.9375401972935042,3.7446134013323022,-1.2423153606518742,3.389402979701624,-0.32146674700917466,2.654574322596956,-0.5344603229029212,1.6400328585933612,-0.8338424587427873,1.1634362090480423,0.6610630601301755,1.807699448067924,1.073745879139951,2.2849323194783167,1.1915573321123765,3.411321985606252,3.1826718192541223,2.97968858622861,2.9371321304720683,4.229309304684595,1.314037613757578,2.585868471601538,0.5003826524674516,3.3212149520269043,0.8205008630394932,3.4621068444448055,1.1932149718237144,2.556207763932933,0.8579125820814739,2.7949362956531654,1.760181588167593,2.6970592344387834,0.7946448077220629,3.209599670174103,1.1210908061098976,3.673319660200522,1.3766754678309974,4.239534817111796,0.10547946884589035,5.247883710389973,0.5697764224248808,5.894803058535991
-0.8808923215733944,5.553812135649903,-1.6665725631858948,3.6553403347283253,-0.9119008865788085,3.3979328713686736,-0.31013149709476207,2.503070388798018,-0.3171455300141259,1.7228042814950895,-0.9033076659470932,1.123460237713315,0.06366284239592632,2.6956712331015837,0.9680500308698019,2.185716332981086,0.8849593490350792,3.390135970246326,2.791100060335398,3.125068554435705,2.628151641664118,4.131155894588954,1.3474700746258312,2.440780300044111,0.42122081026824537,3.143477829113931,0.6626652382637118,3.310417894199601,0.8993636108161476,2.6198374317542843,1.0801740855290438,2.7472687553014588,1.2370424664959645,3.13222014944214,0.978089120800465,3.0932532335596026,0.7707718121217358,3.673414886246886,1.3904780950128672,3.9973630210831708,0.33466387081234267,5.012208111908482,0.73795982527259,5.588689441488844
-0.7886604902909532,5.246103020146642,-1.3482731512652462,3.62148987788678,-0.4136512611191115,3.6465414086714825,0.14456674957309187,2.8453753018954564,-0.5702041492041836,1.8495852346105461,-0.7856189873127444,1.1363133372856742,-0.02620594366423085,2.5608494908622106,0.9849613629138055,2.0615610685095347,0.9432942345203776,3.2027505652549495,2.379199724881165,3.279417889700464,2.4903782069674048,3.9245602630821472,1.2658271106565808,2.3188234774675576,0.5593067800964046,3.0027593560667722,0.8298052706012963,3.1753192318774,0.7465660854265426,2.5271099999084954,1.3518267806712634,2.7587709714538646,1.2735987450903838,2.955849648147527,1.1341041041138447,2.9669138246749425,0.7212861552309372,3.467647084730706,1.1421517300101625,3.867450310959773,0.2314610863893443,4.739308797177567,0.6524512955334929,5.2775403081745775
-0.8005349620566565,4.946247573472039,-1.5463193762407486,3.4838670289726816,-0.23182870393993163,3.4962623314708168,0.3783847794747809,2.804422711259942,-0.4937811401713152,1.7641547146430263,-0.6000746020659243,1.2524022730813809,-0.16410114201915135,2.462051094988839,0.8317439952971264,2.0161179447665063,0.9484442045845511,3.0196358666974326,2.2532568621409457,3.1230581535940365,2.2296501319878783,3.8107317796452684,1.4059370992154319,2.240409871617583,0.7260653395890034,2.8904331834445665,0.6554510182488458,3.0551441569755364,0.5695605859275761,2.461631883458089,1.0048505171745459,2.8699538556260946,1.1506854143892713,2.819736447390378,0.9756723103869072,2.8515432625425676,0.5832531912029677,3.3047516521475733,0.698221805958239,3.9628201347511887,0.35500700110373723,4.489090210161684,0.6664518286727518,4.975953457237668
-0.685342229380412,4.68072348025365,-1.3226889653749783,3.37638527089323,-0.14455190006340699,3.3103994183000727,0.4382271770679109,2.6522991352977527,-0.007008648195384947,2.3795927602443987,-0.5560501313683045,1.1907648602277021,-0.2534118330524965,2.3421492670740554,0.3882479561734019,2.4529712952232643,0.707490015342216,2.9689520688478215,2.1458705128483526,2.9682849318049813,1.7508287150932746,3.963627799428928,1.166230949314791,2.2724432606473206,0.553239756103748,2.7913036969494303,0.6078330292357698,2.88522420803644,0.2883106833660116,2.5205426682728724,0.9050184687519238,2.72823486353627,1.011093050123633,2.702894994459612,0.7779827636371909,2.7758746185975567,0.23470384453507698,3.345554247984503,0.7350067087894098,3.7383952522960713,0.31302688666630696,4.234898708229244,0.5071715512744394,4.724306241993552
-0.8027439274572349,4.432074079894173,-1.248739542789056,3.193767487208051,-0.06645235807322038,3.132994728157251,0.10684456822250109,2.7559453571381223,0.20941140085082258,2.367648476537858,-0.6344574926269881,1.1556439374639798,-0.42574159031377456,2.2889113251644493,0.20979613408891454,2.3953543280018437,0.6734152982718854,2.8016885899341055,1.9413397304573266,2.8884316389319387,1.5474441293439818,3.8039883240925456,1.0549357143091003,2.1775244917550634,0.251355936168969,2.8354057736269622,0.685111345629656,2.733598829492606,0.3398615492037911,2.383214608586519,1.086044973873081,2.6489177931986574,1.0068349820798306,2.548357319145454,0.7982853351230493,2.618082007254256,0.08039548714491401,3.200018809272963,0.5227577979912618,3.6018552089161626,-0.03275244147523097,4.171689031320997,0.12625533836532196,4.648933491594085
-0.7577829999033813,4.1815548483531755,-1.1509176604897458,3.030471348945236,0.07075326454520446,2.9925099062284946,0.02240974569990073,2.615043972654208,0.2851576012542724,2.24789279162923,-0.637004300637168,1.0895879326604003,-0.2602386076300267,2.234227595494506,0.2241836154792901,2.2589217883194905,0.4320591179937771,2.7729543064946274,1.8741341129774147,2.733356181094723,1.3345137014124704,3.6628760367285147,1.0062822692067035,2.0600240194603363,0.2606766424888311,2.673444792382002,0.6890351303089312,2.5772981988963597,-0.025905756313477146,2.5853029988127427,0.8065606547972959,2.681757034069137,0.6591129518433547,2.692647753969915,1.182234970756965,2.809719888589996,0.04721736541332191,3.0192355487843097,0.5320426533833948,3.3960167927103093,0.14085953497684175,3.979662716205243,0.11312536085465376,4.383296887911335
-0.2628779578942101,4.305366388653926,-0.8583454393044377,3.034722910310067,-0.008234084758801235,2.8348469380494175,0.029432249358281756,2.46560933516016,0.33140167454093183,2.1254911222226274,-0.45877745203331133,1.201468728771958,0.05495109768136935,2.377255282989762,0.09182865888682964,2.179418448545935,0.4373967034950494,2.614432986484088,1.2939313541365078,3.279562380226223,1.3401494950675767,3.453448851385677,1.1581296935619532,2.0134528694424336,0.6816950311682205,2.918840516750071,0.5886247691371985,2.455125579898455,-0.44496727831711663,2.8438572061355534,0.6060974215898258,2.62371602849668,0.7657922458154929,2.5659017758444898,1.0559012303171296,2.6855959478462257,-0.3329066084235554,3.1414899560515055,0.26736092321814314,3.332827402640506,0.04654175448339453,3.7665230870411484,0.1938986821732801,4.1422485721141875
-0.6783642482859955,4.311207774185734,-0.7687128173159028,2.8782727440174902,-0.08540498702436201,2.68630157971385,-0.1413391729183145,2.40004055063734,0.6226257957321493,2.2477387118112304,-0.48049004588772387,1.1352960891445785,0.13868700549806023,2.2603349971086946,0.25368414129606404,2.131264879553163,0.4033909865039122,2.4677763605953213,0.9507922240128562,3.316559900036691,1.1653012153039553,3.312826638924147,1.1014691525350873,1.9086087288845317,0.5287707987309779,2.803360681457798,0.5235508025896074,2.3258676093979753,-0.7818221871499005,2.9284433811162973,0.6823494957307582,2.4879859783168325,0.39205760192627426,2.7494514529868876,1.0023397706940573,2.5389187562155815,-0.3336922337476643,2.9618264080831085,0.38468698003568547,3.1688782165732214,-0.27254294086266956,3.7222040070391063,-0.10527303882266768,4.0429801290667955
-0.9746412477541998,4.1945454848876595,-0.6522552696331094,2.7440337614740273,-0.31478305839631027,2.656591432984915,-0.3756759584737837,2.4065204792794,0.639120011463519,2.119972773393923,-0.596879866402746,1.1451008017425508,0.32133189969646525,2.2246703052781407,0.13024616036954975,2.055193496146008,0.4992729707462537,2.3506649264162602,0.7656157557913108,3.1931957563680387,1.2374509942331229,3.13353151292545,0.8532100796521829,1.9978288392749581,0.3459240302315925,2.7192374822798655,0.34424053214486466,2.280692393188709,-0.7009556924518044,2.775399430459497,0.6595383671232796,2.347050916957692,0.2677282468500128,2.628396703471071,0.9813977042227702,2.394834958859862,-0.23194308180548137,2.815002334008363,0.3307120662335089,2.9936001227985045,-0.5180994487023369,3.612804407779044,-0.2521035695950094,3.8461671991822564
-0.6980208648528721,4.071182828181839,-0.661318390895785,2.5872938606292184,-0.34558255193638404,2.506971863129933,-0.1507060688513426,2.401341897392879,0.5331951155850431,2.0327454251662105,-0.5675611305937495,1.08446615022475,0.20024625422403952,2.139731406478466,0.15169543523785214,1.9391054726333126,0.6424302987796232,2.2720364588460287,0.6398924793198701,3.042489674136287,1.2201270413874383,2.9549425839057597,1.0693062840833643,2.029430495400721,0.3465044171380372,2.563722487444806,0.08873265898960282,2.3284170205830232,-0.7426058750195548,2.6207199421497216,0.32767409723395313,2.4985309540151093,0.3039441691855512,2.481308549936869,0.8484820267686469,2.305192191212849,-0.4840198084215506,2.7964977997278075,0.5927444283135802,2.967337733600657,-0.24954683806432099,3.533209133442851,-0.36059333003018895,3.6459828744286793
-0.6245757085177996,3.8469265939428205,-0.5262938275319589,2.4845790112494637,-0.2945653168731521,2.3703156562010426,-0.279581689158085,2.308403129424579,0.3559561245556743,2.014170198639717,-0.7409394591684478,1.1886098125305642,0.04075712909657034,2.0929949261682492,-0.08821454399044854,2.0114198430914225,0.4173293960627414,2.2820785644047272,0.4920147711504827,2.9147023320645893,0.8929678433456025,3.011591142539635,1.0377527278239718,1.9165427219543856,0.45159284967507085,2.444862586297176,0.11744837238962869,2.1975469079936927,-0.7234420049308198,2.471746617099727,0.13958249513656557,2.4456965608805152,0.25841011237463807,2.3448100016888596,0.748069588220741,2.2015242362986864,-0.5554082777200221,2.64834946589224,0.7197089524249728,2.8326262793095154,-0.21705031372914005,3.333078271832832,-0.36098752834253783,3.4374658957204662
-0.641281634834974,3.627387389026689,-0.5267301582332127,2.34248405300925,-0.07366769692389626,2.364428611153497,-0.23020577782237836,2.1832182649505443,0.3974404919482314,1.9045080296170547,-0.5113787272644047,1.3783702353426408,-0.1742902767144215,2.111661132057793,-0.38029697727906897,2.1538290075375977,0.19388711553593022,2.2889825588602255,0.3215570082334071,2.811880763624991,0.6867999455603035,2.9294106708627043,0.9235917876124392,1.8504860403661076,0.5000998957072911,2.311268223619776,0.21820824472395178,2.1015993911693993,-0.5320565547286814,2.4245360076964513,0.1730645406086588,2.3087940227123798,0.08176172180560058,2.295347552481137,0.5995487971562231,2.1395767622933546,-0.5709149483508278,2.497476268370832,0.5183762913435797,2.7618231810782694,-0.11267332175803352,3.163571949889276,-0.35745157412645606,3.240897502593901
-0.4896850561042424,3.460755884929601,-0.3873723388684061,2.261614922248006,-0.0011014422614219579,2.2435939918567493,0.015839858844162332,2.230863460755351,0.4780182713668351,1.8175506203548388,-0.5444666968920461,1.3046781449067975,-0.49486692923361314,2.2846719873635633,-0.18465395511728058,2.142745286955989,-0.4417649681069015,3.0976948794667827,0.25379737826096505,2.6616293641864135,0.596227215760591,2.7799670493787656,0.894856641598095,1.7475448375277784,0.4654340032138752,2.182452139309163,-0.2517826912506228,2.5740547951630486,-0.6426870970024897,2.3183639269045564,0.2083368289009705,2.1802419205688226,0.04901729120910064,2.1671000808635426,0.47930686700085884,2.0605474776376336,-0.37816054165029933,2.449173793385933,0.594812233275969,2.6175477947972263,0.007803437452380001,3.0122363656535747,-0.3568517863987366,3.0555481877787147
-0.38305580003819545,3.284057926272359,0.062137160003173104,2.6488086065167415,-0.09245211681803243,2.13925366097566,0.19045358173695692,2.190076330195409,0.4867567981602408,1.7138754610523022,-0.8806769297767822,1.7013584693475086,-0.5529989520252057,2.1635756219450153,-0.3451542227254085,2.0966771559734356,-0.37020656465733576,2.9312298346459253,-0.011605360863018443,2.67545249570966,0.5465023532958535,2.6267368048850295,0.7850739601910072,1.691713456115565,0.5837722949187305,2.0988148339320696,0.005453130307022779,2.5881094381846275,-0.9380401260946957,2.4173945036825653,0.12764724079389655,2.0748180031785073,0.10670607413355303,2.053091479482525,0.36303078284026663,1.9847771023198837,-0.270130765311584,2.339785501683737,0.6712828988429995,2.482286257118888,-0.31125752782209826,3.051166121926607,-0.3571410284962463,2.880798635899645
-0.2752342964297727,3.1191005493988233,-0.10972459820930132,2.5685816947751197,-0.3427493895792415,2.1985502680597153,0.14280753361076715,2.071531658402714,0.3894346979297859,1.651289994022763,-0.752454786700556,1.6655151390959628,-0.557123175495905,2.039889615453468,0.03799831208704705,2.3878648275929586,-0.5215702340704873,2.813796810048471,-0.005573743910785255,2.522528940451291,0.2926655728150809,2.6307078084473714,0.5558982627517525,1.784890920210978,0.34578553258564265,2.146582207243848,-0.31781858921137973,2.6891136545256176,-0.9449208458234907,2.2792683369136952,0.10448876899031431,1.9578319244709805,0.21239482460355424,1.9706228373097359,0.18107308921948123,1.976435270789982,-0.3524677327654378,2.2246722838346824,0.7944366331773144,2.3795964445235938,0.04522056740719294,3.135023430540735,-0.33466592822649815,2.7171793086733835
-0.28942000723095423,2.9411343556352754,-0.27485515590646675,2.489542271656067,-0.20072228600754763,2.1314541996244327,0.040891793334759424,1.9852930734354877,0.6868494648457822,1.8721401582337727,-0.47749834154479376,1.8411240699655638,-0.3230636943199195,2.090066974631303,-0.1741711828471573,2.3703477448283192,-0.07546282883310687,3.0773531154901197,0.06144268236159364,2.3897756797622898,0.5039656756098584,2.587925794615512,0.590316804995365,1.6871078060110911,0.29770642220985927,2.0307852196090965,-0.24451559936556191,2.54823956860169,-0.7922721108374361,2.214188921114388,0.13518490599645494,1.848978533821758,0.19526252362401839,1.85888621570574,-0.05907294690452018,2.0438004928250995,-0.6187192473821627,2.2947093681293347,0.7572676712888334,2.2472650637405667,0.08417029316500849,2.9588634117651433,-0.41893265788876344,2.5786646879072723
-0.7027117112368927,3.1267888030373827,-0.3328503919229,2.355903813188518,-0.2502636885519488,2.017004230784974,0.311936725562468,2.097943378669875,0.5554185802830862,1.8238974962802172,-0.4198735272291072,1.7474797993680118,-0.14826614422976522,2.063115224187894,-0.036967950351836046,2.285682670258731,-0.14487780070437098,2.9114877028481065,-0.07321607766305505,2.3017589983488196,0.204050122626017,2.6556712193774414,0.8180673123817983,1.778775930253849,0.23642550834693854,1.9265916193540789,-0.514278036980516,2.5809794478964423,-0.7100367254316081,2.1072613368092123,0.18343897700650416,1.7513773322370525,-0.05114483922398832,1.952846595635159,0.19772502823423724,2.1257922873253423,-0.5236549584204897,2.1888511133413493,0.8338632067580402,2.1355966769549894,0.06819105619626736,2.7902024712954887,-0.7176905166742347,2.646051166502602
-0.6983968320047061,2.948003349736268,-0.5749788402432536,2.3769995704069173,0.017726496902264598,2.119919020492478,-0.07990963766616357,2.4060277157853096,0.5972931231451923,1.7258073512574437,-0.6078728653719317,1.773799995591058,-0.30079976845139067,2.016897263488515,0.42235764075913595,2.6874722118337537,-0.13569918851512422,2.745164482262406,0.1586183601094743,2.3165335360054593,0.1644378685516345,2.507617757896287,1.0072574793587281,1.802762435858647,-0.1852005505830034,2.3392444372463137,-0.5438197164830881,2.4355614792936624,-0.7658666832508757,1.9963096785429615,0.1580861946040477,1.6535915279677442,0.04488455219352396,1.871519271442696,0.5014113683521362,2.2680568295833656,-0.4108554135491172,2.1010094049331007,1.0065462448825242,2.102018152345734,0.2867024812266888,2.7393031425723025,-0.514108721800448,2.5942608538087772
-0.23141437458115785,3.2234174016957877,-0.34009084454132915,2.38676853645381,0.1747545510710156,2.072701197984273,-0.0016095956955254544,2.2848815572512726,0.7650090889862656,1.729529129272355,-0.21378470699228205,2.166782915294975,-0.13974485333434694,1.9831583115186375,0.593358790314983,2.6033441818268455,-0.22483489885226945,2.6068583371923633,-0.17280234420605112,2.472357987043802,-0.07051648567119774,2.50283317019031,0.7711212636139154,1.8895400252629062,-0.33291780353427564,2.2651161080773736,-0.47085259171719396,2.3103953461109263,-0.9631541037052268,2.004535816337065,0.18204700681405966,1.5612698815859827,0.11657485261894328,1.7821965216586821,0.4693778157807483,2.1412750768252238,-0.4089663757473494,1.980861672436702,0.8075245482857547,2.100394207209579,0.09257999062567261,2.670319231946654,-0.5074467311021061,2.4460034762863527
-0.12276299923476675,3.0627134177710715,-0.16797326824912354,2.329329969955696,0.5426661014517685,2.339472923269402,-0.14273038266859728,2.2099805997661535,0.32396144803647026,2.244194991692133,-0.04452973660944019,2.1268333938311033,-0.011430142619011562,1.9228002801706578,0.4197548478574275,2.528381643231324,0.06867323236001695,2.663369955133384,-0.50654101621389,2.606666608271214,-0.24219567120466448,2.4348283700507705,0.6255308714366309,1.8527611199666674,-0.21318254345457505,2.1762104279450654,-0.6322016554299547,2.2501135892897226,-1.0218160646947225,1.9009893779354143,0.15193313903181502,1.475739441725883,0.3530581334836183,1.8726532920085972,0.47864475732752276,2.019073440403416,0.034833054861091,2.4279821647146322,0.6468774530677263,2.058372345585905,0.02398184459893029,2.5289977378893935,-0.7723436339408017,2.4851157954851484
-0.39075896236192004,3.035751962912232,-0.3418117054022732,2.2786546497872595,0.40605116613926384,2.256793913946504,-0.2361890247374658,2.1090522085696164,0.05838221738803615,2.31059985810775,-0.030023406744967875,2.0058389759675816,-0.10937334828059996,1.8448879281913149,0.659609976224803,2.5269670656317396,0.20886497519732974,2.55843324162859,-0.5852881295744934,2.4729606259681325,-0.303472061513341,2.305552261964617,0.6428228342130659,1.7478457044383997,0.05247575589254289,2.2521671325117327,-0.5990478532090845,2.124591425397083,-1.1681950922173812,1.8638978002210225,0.5052510042095498,1.8605298445704497,0.2818273874183173,1.783029971920994,0.42234651997158035,1.9137486346659578,0.17876138976157724,2.3437735326693843,0.6300225580178758,1.9415464434359226,0.16856714979390341,2.4373523116195153,-0.6041405897441413,2.4156561837827573
-0.2991110003059154,2.880012504351632,-0.5319678666652102,2.248843315703652,0.4328269052359191,2.129783859212708,-0.2446170163220778,1.9886517812163749,0.013798436361954299,2.184023354643759,0.018486982015626294,1.8987123806538195,-0.06267495666828063,1.747022009541375,0.8826723317302931,2.50682956020154,-0.09814851265797143,2.6401377532394,-0.6030146240801839,2.3323531085705937,-0.3230190899905685,2.174769447720663,0.5850001898935099,1.660237508235285,-0.028849455353876254,2.142313682820494,-0.23092493653124968,2.3808892548592953,-1.0314403858265246,1.821175552784994,0.3722632449926895,1.8146931871520966,-0.08088425127787997,2.1056837807117703,0.31043083223397877,1.846234426588418,0.134255193532091,2.2152021012600414,0.4499855385804025,1.935696453953163,-0.008954528803576873,2.3802900016730764,-0.12826072450090892,2.8204400653840818
-0.6512811878348438,2.981394131573567,-0.6121208240366119,2.1386668924556185,0.17748379920663054,2.1974693903401983,-0.12247240140443552,1.9229321077849428,-0.01638366639467976,2.061818766552815,0.06882372595274061,1.7987522308689965,-0.06162294080131411,1.6471122526574318,0.9033701329595865,2.364569010259868,-0.5267432173770994,2.9053379063200264,-0.4886024151190345,2.2350462355645644,-0.12326261732013592,2.166058081888351,0.33306612626404186,1.7960726796685136,-0.1792707497830228,2.0871294898004096,-0.25676481878428753,2.2465409484575565,-0.937649667920529,1.7480490717965573,0.16513719809401245,1.8578369391249927,-0.1402299350790224,1.9960695711339458,0.2243238196103388,1.7664854750444947,-0.10748457624997337,2.253026497545681,0.31293296474965016,1.8868415989005576,0.09321936499157531,2.272409133731019,-0.30377980959919193,2.7290173590731097
-0.7456925393058385,2.8301977375711203,-0.7419745574078056,2.066827621227874,0.23535441663574874,2.0816490442711784,-0.031083400260269376,1.8408952404715142,-0.3078756885370156,2.1948224148832143,0.07950327440625166,1.696290806682442,-0.07466271021025579,1.553581314158431,0.8286862467544093,2.2445746429188493,-0.27753946919516037,2.874392354936803,-0.6213733199315997,2.15773919361634,-0.005684449812834194,2.083137849897814,0.39262060010761474,1.7061052935540841,-0.5839704965995066,2.423608040725462,0.08767598930745925,2.4364343618276627,-0.9721453514740798,1.6524829533325291,-0.02524578956067214,1.873780781608676,-0.36071585156569147,2.03365828531959,0.11971874030397736,1.7051364219186331,-0.29071374867288957,2.218659491376874,0.5049820867398375,1.9014171595892804,0.20474159812616802,2.1776347796450874,-0.259943882872377,2.5775022513385752
-0.7107120473235022,2.671136955184011,-0.5698068107115601,2.039466214403352,0.1700705626448579,1.9758238766322354,-0.007762701891955026,1.7375265413828245,-0.18068180100454892,2.1165373927927313,0.2997828486680584,1.7750355238620146,0.10917028161939984,1.5995249911205425,0.9218365801736416,2.1411157768490394,-0.3670543706080096,2.7280125491361296,-0.3731783624267441,2.2116557016492027,0.00192358778622842,1.9641812956430775,0.6390555389131323,1.8247277385527605,-0.48874647941443217,2.309123088965156,0.1659587873117817,2.3133381557809716,-0.6973238017196716,1.8304084714581665,0.12011138480198812,1.8382537980819615,-0.4409475776453872,1.9377596587944923,0.3778819557666195,1.843644602375324,-0.43770510827444187,2.1539707541380904,0.5351136496977598,1.795765634848828,0.124505238253749,2.0721677309622906,-0.47209347333331064,2.5407558412987834
-0.5129611361516493,2.6115422770296837,-0.2911591401411568,2.1555168803204134,0.2531141771519986,1.8853124274508468,-0.1763365729576959,1.7409408170663188,-0.14522614112627877,1.9993367150308516,0.179504811241279,1.7255388072963993,0.2203572683910412,1.5573382434555392,1.0927822887435514,2.1052706883124044,-0.23709952008914048,2.611813518420265,-0.5301481278054698,2.1561723631842287,-0.12197907196605237,1.9018345207117724,0.9404170259622945,2.0173445859226824,-0.7205506595313559,2.3230020110743816,0.02657042309875117,2.234812200723292,-0.7921787827914774,1.7572985200408915,0.4412422298467629,2.06497695358705,-0.43482459913328647,1.8270627294849007,0.3126337090496764,1.753108669570245,-0.5754805421095486,2.087123160822822,0.3728556069527928,1.785566753795218,0.46218444173845774,2.2826405210048266,-0.23128957606659126,2.5390732960411535
-0.23771980634941772,2.643536801272748,-0.29531353651687137,2.032292702611377,0.18530925404641535,1.793226435119849,-0.3120817499272313,1.7086037921184616,0.11814653945546992,2.0978546442871,0.04158502140185308,1.6968034958289364,-0.16469383346861186,1.9919699309142889,0.9065159951392668,2.088959919385126,-0.5866229432201727,2.748957123567622,-0.6158033811350415,2.054796138701424,-0.07731252393754275,1.7998536178063038,0.7486804083849837,2.0166351453186993,-0.5568543866047269,2.263682310414521,0.04510421764911217,2.107997199804732,-0.5715588387079134,1.82753119074526,0.5729923417593658,2.000622921590878,-0.48635887503091646,1.7319674655314452,0.3329741593748419,1.6543757060097117,-0.6463085824388359,1.983277084642205,-0.3201218503398224,2.9501401520907358,0.3163352555358437,2.2116735832050005,-0.031822774995123364,2.493362658954538
-0.19424151213329058,2.4969811636574417,-0.004779450008355355,2.1686353909330687,0.13879034392763157,1.6984741312507359,-0.4173831513642891,1.6524170079492517,0.4293876606434642,2.257426429845259,-0.19104735339112988,1.794624604071804,-0.29479065375301766,1.9323366320662385,0.6556256555953781,2.1559757840010207,-0.4399481992590122,2.64198168457091,-0.4934586726215674,1.9839355505917307,0.07059060571543653,1.77394949502107,0.7492949519151287,1.9013030624544818,-0.7597391037927941,2.2489974001121777,0.10687069687560839,1.999135322256456,-0.2721495572288793,2.0160470945533038,0.4517266755824444,1.9332622513491755,-0.6056905584574769,1.685364978174401,0.37954897995174086,1.5682362826286307,-0.7236657625263863,1.8893078867951092,-0.21082358583273686,2.8075431629113474,0.6950448098661828,2.4700045485494337,-0.18805625717785465,2.413384849763095
-0.5629983320765848,2.68405362177966,0.2849798987652954,2.281799691584832,0.016465462733553426,1.6574574376211,-0.17234409459401034,1.7779111049204508,0.3687039258708759,2.1388696239048475,-0.3171977811144266,1.74852166452895,-0.49302983542600565,1.9491953873768901,0.6302299121667089,2.034611523550024,-0.4675177330531751,2.492748293309218,-0.5156499323314634,1.8720805975064223,-0.018663505766197887,1.701354594070574,0.7114062373854728,1.7974530653167242,-0.7200274199748309,2.124915329219628,-0.03710848076903775,1.9508584061900813,-0.4208254675995407,1.9705347552646855,0.10775275202539335,2.183651632511442,-0.8048610803018302,1.7348461194055067,0.3134473507218496,1.496498026793665,-0.7253081133603869,1.781265811895151,-0.07357269502445032,2.6901166365858877,0.6448795962355096,2.3353372373953083,-0.22564569868020462,2.2791528089011672
-0.32309037571321836,2.665922641717898,0.27840089529242057,2.1514243297992572,0.03390018561888555,1.5638541389796392,-0.17073058631040403,1.6762401561889635,0.056300679495231994,2.293314991752416,-0.20716908053733452,1.6928056505626619,-0.20590816457599903,2.0939907457945175,0.9211418305064701,2.1711856535500393,-0.33562806825491825,2.3949899010511686,-0.31131422454928703,1.904098651468363,0.02466953570290423,1.611190464333966,0.7080411125235734,1.6946958371249883,-0.48619362427428053,2.1637603094846614,-0.0725380481343292,1.843452863358628,-0.29677248307365595,1.9077870688407599,0.11171834255187224,2.058813182050488,-0.646982921761556,1.7262462450833163,0.6197643533019872,1.771294643324903,-0.4177458312509821,1.9941209272483924,-0.21301325454037537,2.5826907546562516,0.4890542718045564,2.268170300035361,-0.16665820322667402,2.158678811957893
-0.3069995834104205,2.514085403584629,0.13271083200026504,2.091353325120826,0.21718442448621603,1.6076331977965974,-0.19574214119413727,1.5827915584080632,0.07897107158021831,2.163610237688455,-0.3068384111679501,1.633587227414089,-0.4279610718720162,2.121378017757748,0.6001327515477205,2.3344646853088187,-0.10921309446827676,2.3927395839201484,-0.5962488391795361,2.053056913314681,0.1691542296409769,1.6008268226467377,0.5762662249341971,1.6628643344429421,-0.3612433869656809,2.0862579795091802,-0.15048280903883515,1.759256159358635,-0.5030677588957143,1.9378843988914833,0.18402422852847425,1.9574583655238462,-0.6531610848082644,1.6276638834082107,0.6800361373629739,1.6832334420097637,-0.3248824127485466,1.9079000606971979,-0.02793368080032408,2.5194867559624767,0.20309841841687473,2.3605920770771447,-0.12650127911170314,2.0400582057749896
-0.14187427856924287,2.4395879348095835,-0.04334495096048081,2.065580093459968,0.16033640981007757,1.5286654540716857,-0.4365003359969706,1.713279145027054,-0.2837582008482071,2.4019124751250565,-0.43355325386496235,1.6026051529422596,-0.41391111258049923,2.000657439248314,0.31080156741487924,2.4222620669283574,0.05452276074043889,2.3273890727252753,-0.5255116859468797,1.9513742578470827,0.1452085196760748,1.5115939270140404,0.2661058838382965,1.9062144116563926,-0.46874890603754243,2.0025288702573043,-0.040461018869867686,1.7026575713751015,-0.6612632183298871,1.908926572132762,0.13164871425390967,1.8545708523232256,-0.6608827712516634,1.534813648745537,0.5404070489701024,1.660347675043358,-0.2750746186426149,1.8071939861371904,0.09506334731876724,2.414001235607636,0.09917622185713239,2.2550471825079477,0.060767506501468664,2.03175774066454
0.05431600911940936,2.40015470615998,-0.0806560379499955,1.9518111780640515,0.352710184449843,1.5904362843915982,-0.4726274912587094,1.620225371102589,-0.1321945612450676,2.3257098643631258,-0.3688673540175103,1.5277803590756125,-0.3729999539335905,1.8916527468785522,0.18747538240006778,2.324073445893704,0.22438071083568556,2.2732162413610677,-0.5431403247363832,1.8408052746652546,0.07382983660336344,1.4468268116113516,0.524365187029778,2.0112459518914214,-0.8353552641756387,2.2819338633592867,-0.04585728145731311,1.6053918041808037,-0.578624732951721,1.8227942037058258,0.412001896675271,2.0044737222470785,-0.6811804131330802,1.4487750711188474,0.351118577390908,1.6995211423019425,-0.44334301818271427,1.8025342899946895,0.4218011329688817,2.5465128572005846,0.43105466258750735,2.4220667322459923,0.2260721216896342,2.0008368769169795
-0.05684238767118968,2.2960139787972493,-0.06662521703086285,1.8408388797698054,0.2848229232933282,1.5181441676044045,-0.5879647876947866,1.5798853031409295,0.13756773760267607,2.3869156702583942,-0.5779685288305991,1.6152903333292126,-0.18276972966794922,1.9034305323354856,-0.24616602975581572,2.6644881774989746,0.07065762150840181,2.209562132114203,-0.6524961915504769,1.7771378390426988,0.06701741319886831,1.3642892974720244,0.47227686331285224,1.9049448377384508,-0.5532410062317351,2.3667255216353964,0.06431891425608893,1.5618198114398378,-0.4940882874350426,1.7437741584395428,0.3474480173416565,1.9032636178856492,-0.6048040953473194,1.3917719027915314,0.42318957684885383,1.6220132240509628,-0.23358118912739528,1.8509169401798573,0.35296802554542395,2.412905152845049,0.2819059968806981,2.3423218238096717,0.003089245335553124,2.0411362742472763
0.24555593201962528,2.4090653637034363,0.1284358261509782,1.8647273084099367,0.3599974263098222,1.4552482170278878,-0.6682441233900475,1.515740576601624,0.16704952850707772,2.25276473829241,-0.3302353366784642,1.75195743485527,-0.15741767604608248,1.7967588801298315,0.03591256374253209,2.698734160148155,0.062132025855217425,2.083408370950541,-0.6708997026799335,1.6767364798609015,0.2430040825400435,1.42583800521392,0.4114596117089882,1.8085408442781903,-0.6301585987250672,2.247514981335051,0.16777777015670978,1.5162695385685137,-0.3253820797954867,1.746640674733631,0.338363720095493,1.7946951732365644,-0.5701619330033698,1.3177523359664272,0.16480856496978608,1.7761099000947485,-0.0677546445602827,1.8388395154642647,0.35239345428275565,2.274909681419474,0.4095575759814923,2.253003280352754,0.028222175413599025,1.9264065966214081
0.22288527765690908,2.2726710387994578,0.29048434605296775,1.8471068364127645,0.5675227936076691,1.55203538666826,-0.38986149216604155,1.7289821602718587,0.48662897827037666,2.399861210036965,-0.2165000694817096,1.698946308707323,-0.17312542368778502,1.6948903751360882,0.09327440400481449,2.5522815591852726,-0.034637721147221016,1.9931774117951868,-0.9693950494710338,1.8942164521782243,0.037098502116066884,1.5248968643583771,0.6486580858096715,1.896063250706167,-0.7518607742154486,2.161271356239296,0.41387155056050684,1.6684797761769623,-0.2527392150117722,1.6662165262624176,0.2510740301514178,1.7193535611924868,-0.6882830633383401,1.3092218175965369,0.3174201794634748,1.7574749738802145,-0.19399848119642576,1.788971517095484,0.058082092885491085,2.3788377644965535,0.5143760492416231,2.1555290819262005,0.018041106659500202,1.8165822904490831
0.15474002514966714,2.15589848511532,0.4506778702342459,1.8293060460744281,0.6085488806109349,1.4702855395916925,-0.6690690301117169,1.9000084181489587,0.43650745850546147,2.269385843529542,-0.12111293599205807,1.6361270683759692,-0.1453247773036659,1.600910970637337,-0.023719973790854606,2.4408280595549074,0.07046007254047758,1.9147689052702042,-0.7634584400700802,1.9255456750892135,-0.0704899612978963,1.4860747736539457,0.8992736809726402,1.9907939852315004,-0.6649379996454083,2.0602012728989076,0.28777886632986466,1.6336573916592432,0.05997234818018244,1.9138953150303213,0.07360618354004173,1.7356985584093598,-0.45395018702423096,1.4814708458055772,0.10835625946403206,1.8110032750915461,-0.2512232387678368,1.6984818949917562,-0.08972622097075961,2.3015491309433003,0.5313078928337466,2.033114211970667,-0.01270054310141232,1.7160589583593495
-0.09673588833553554,2.2145880249416376,0.7541427243267045,2.024869977314454,0.500239732413895,1.4369842037950324,-0.6904216096186981,1.7928998393035258,0.04493151119810075,2.5400653169764613,-0.13048844108800392,1.542903586010581,-0.318607752733879,1.6263898787871016,0.13747820402718322,2.369234914223688,-0.09832880083734424,1.8992567230394288,-0.6707181740740012,1.844146669206558,-0.11892081822118052,1.4112782280369731,0.8662122467740705,1.8804940828442653,-0.5228465718817207,2.0048921113024676,0.3997378477071,1.589182923279764,0.09420947959364963,1.8084032903081668,-0.21517661271732144,1.9228075902145172,-0.18331936967935816,1.687027670800468,-0.10865976959796435,1.8684044932871513,-0.5336048389426594,1.8811951423916236,-0.35219261723744427,2.3559563810756843,0.3893917804707364,1.980006939259507,0.1017007252257056,1.6666169429234934
-0.08678276202284994,2.088223542772203,0.8523982173010078,1.9397234341579634,0.11294815004911082,1.9153999724577275,-0.98671889900478,1.9825081722383395,0.18830950082941322,2.4466928197111,-0.12040725124251607,1.4550903426916897,-0.46312106561319555,1.614462519385255,0.11705176388962345,2.234877301390851,-0.1046781384302416,1.7907739900125526,-0.4660194409754805,1.8801946810222865,0.11788498125076384,1.5670963392508086,0.7912969051533484,1.792187300789947,-0.3579578088953408,1.9761762314916418,0.41096380126709514,1.4988099476591628,-0.15627664468803887,1.916720072111673,-0.14912432891795516,1.8274886135336048,-0.3278785601388618,1.6689054445775526,-0.13707077133632797,1.764346689176114,-0.1896468706410541,2.142815918506954,-0.3858325656366141,2.2243282339309833,0.6249599933305238,2.0403589541554625,0.09613034906867103,1.571422196450492
-0.16556457948058992,1.987967799328937,0.2971500281149418,2.666943249897345,0.10954966690217907,1.8058954965942797,-0.8574312409668194,1.923000897360335,0.08063906276116467,2.33727447130498,-0.1335587582972211,1.3726425883559235,-0.6900268529843843,1.7164368716642684,0.14208445565583452,2.1088791741494988,0.041399388844382316,1.7639042145717976,-0.2090242647115981,1.9873537284225589,-0.10002859039926207,1.662321776912109,0.7623294206404363,1.6927225025710202,-0.3317776926989899,1.8654035552825214,0.28204888602041633,1.4832226986701371,-0.22953759063218937,1.8251610267089589,-0.40213620094840513,1.9367604071828188,0.2296203118810042,2.5048954783450506,0.0005514803605037058,1.7316254783258604,-0.055500801769977424,2.073985667531813,-0.2976542539912175,2.1196536496169425,0.3425848872408755,2.1621862483690077,0.09990561425001264,1.4816098431161944
-0.06500873614566276,1.9069577373548487,-0.03954068318522505,2.7762956983826776,0.18297808549480693,1.7218581355045086,-0.5723047165463414,2.068981081812451,0.18074562941432842,2.231221921063062,-0.33623639904310737,1.4754203269035886,-0.8755285597444366,1.7433824540073792,0.28359043346096113,2.048891422813163,0.031454514819692615,1.6633882316459299,-0.27082149687291907,1.8861093848421997,-0.20697998091033523,1.6112367752243264,1.172791310326808,2.1461894315021097,-0.22710862509135063,1.7963840501595651,0.5744487793885162,1.732190114385927,-0.06969402056190412,1.8092416626724508,-0.4965345062381992,1.8555784184519581,0.30593100831645387,2.3766591005587565,-0.16777901631759776,1.7354180268040038,-0.04179848539354522,1.9559591359957684,-0.20953534236089713,2.0220340814590014,0.19493342896104976,2.1028684067674446,0.012702637053916136,1.4297560527452566
-0.023726406564133874,1.80368043108728,0.20307906843872814,2.751517162614369,0.2859701592419297,1.6628347251487647,-0.463434650269511,1.9874399440711525,0.419823429808423,2.2635815155731356,-0.04683542082604486,1.7200692172620242,-0.8721484875194384,1.643719217210146,0.21720423028015337,1.945605663392444,-0.08086686568076708,1.6166719398660934,-0.12877834278421438,1.8462772523016866,-0.18876802126662542,1.5204223049618428,1.1559335239171664,2.024304899987495,-0.1597422017034359,1.7099438293357359,0.6240270544805394,1.6422965400361262,-0.0606224710486522,1.706064196485292,-0.5889822145814292,1.7790601077150572,0.5766086266752947,2.4323598253775334,-0.2044075290319767,1.6411712313620497,-0.09839201629796347,1.8546793728568987,-0.25232472952137025,1.9122522234424852,-0.06872993339268584,2.1864091525372955,0.08760548267023832,1.37318635758225
-0.30298118005250074,1.960846186858619,-0.15717988357860777,2.8837338824910206,-0.009027513252687015,1.8765439134152109,-0.47954038336703897,1.8746221444619278,0.6128168207041648,2.2382413632977567,-0.03742224393863043,1.6220306808401777,-0.6161172712196912,1.78963749058603,0.5245023086678965,2.1257830757756055,-0.043198350873304064,1.5298912873527677,-0.04001576322589374,1.7681309983902498,-0.10330182824372745,1.4642769774376272,1.0488065209509179,1.944932562355753,-0.2798041883667512,1.6658964909300173,0.3204642200203312,1.8771623618442985,-0.013193962417459877,1.617016502274061,-0.49065145930890336,1.7121793147420847,0.36751336170367216,2.4069410241257545,-0.11199532775203896,1.5806800832130532,-0.322271860374866,1.9157860270521883,-0.05512434206816712,1.9302086167554273,-0.22687168969548976,2.1342198553286065,0.26249243237804626,1.4317636812605634
-0.4159578192564501,1.890424745300026,-0.06081251430523626,2.7396046455421996,-0.12056214984996046,1.8116822673202213,-0.4213535639662929,1.7790788231483277,0.7506059229947674,2.164517838049787,0.2271668228282744,1.7872598332667675,-0.1990979098887329,2.2298974822330915,0.5529882099104999,2.0066801938826537,0.17246959202678827,1.6275725477725884,-0.20750688057125813,1.7668603039353878,0.3438542032328602,2.0855905997177397,1.2348732688385153,1.9456616466880319,-0.273407407114539,1.5707814763177352,0.07792046623694926,1.962451138435628,-0.1470257001752865,1.594718424900489,-0.6312716373539341,1.6874572534082546,1.0084850397005793,3.1892151049072153,-0.3405868826149821,1.6910334476205757,-0.7008035707567458,2.239131204177606,0.006598277933979763,1.8325667316564926,-0.18573252780240787,2.0172952876333654,0.4755996575021159,1.541831297365546
-0.41233616669542317,1.7823545146033144,-0.07802593589499379,2.583624975325305,0.11675977404694021,1.898915702699078,-0.6205383641450836,1.816136802857704,0.8081960294164898,2.0506348071113374,-0.012483740805440487,1.881841441082092,-0.6593506365996535,2.647454232509411,0.6580831997461728,1.9272625509286776,0.035358733045820406,1.6076163109004484,-0.2451246099575407,1.6709951446515323,0.10365264014412177,2.138123585378805,0.9719804797118072,2.051752150679794,-0.16263355819288006,1.5307452283586298,0.19629864122062743,1.8959368519825535,-0.17647854465914517,1.5070367002475684,-0.664215354804773,1.5951132872963363,1.2953283332837353,3.1696379418379124,-0.260834507769887,1.6185178923272099,-0.592542324821657,2.1447331641082172,0.1539762758107219,1.8029493360784203,-0.2954323648176941,1.940205836348072,0.16256006143646415,1.819562424620927
-0.36464903425218814,1.688669687189264,-0.16025333091383134,2.4527692286038127,-0.1288284637719924,1.9855461283068252,-0.6946695510945035,1.7317723968425434,1.0089302802928537,2.0567825801838837,0.3310082844404325,2.142406811919136,-0.8520349025808087,2.5853455862932213,0.36663005412408156,2.083231210615114,0.20735765030613484,1.6305977313667182,-0.16961712005562524,1.597391975169861,0.056742599021726674,2.02250231276386,0.6673293939562716,2.208238270866525,-0.3238402633106623,1.549339781555148,0.5773900949952225,2.229399245164189,-0.33090641909268986,1.5199617484723287,-0.6235321837205695,1.5105979110389043,1.4334891347688283,3.0271468458320467,-0.3032360126820279,1.5331365446305776,-0.37109706389404723,2.1652103607427016,0.1919810747933248,1.7050216873743804,-0.2668233820168467,1.8319759104387774,0.04671752340166788,1.7626559390355871
-0.25394120887698973,1.63846225282457,0.15455657797631533,2.5610370245747114,0.06398669281849595,1.9896591759585747,-0.4029398526477546,1.9250965038109866,0.9327684269547686,1.9573481415939358,0.5720573194198391,2.1886262987737175,-0.969717632099648,2.4719652356306216,0.6346326645013453,2.176123263554309,0.07793314557186833,1.602545508424173,-0.33174676570235406,1.6091664991688255,-0.2757791133143071,2.233256233751738,0.7521313658940317,2.1029498138528924,-0.46591694072842776,1.5428712814080234,0.42116070111672793,2.171702008947254,-0.353794630766769,1.4352659629742877,-0.6754327144254102,1.4357170701739432,1.373754341207131,2.861651644721817,0.10594539804833811,2.03364200590021,-0.3975367532799348,2.0434715434326396,0.02184883811859623,1.7140186440866545,-0.4243303164914799,1.8128557482681387,0.029586379292339406,1.6629268055708224
-0.23060991849762644,1.5469089908456513,-0.10091824258038501,2.5744621307323063,-0.15404858231173282,2.024825946537184,-0.48036589358568843,1.8350718875282293,0.7982263582230995,1.9044061917229842,0.6964108457120948,2.1087568362694062,-1.2781162574778961,2.567899386749196,0.446255451227114,2.1547765251068567,-0.05401181824177683,1.5797418542597461,0.06504914734023796,2.0557373427983747,-0.33651079357648106,2.116212137899783,0.6542762034858396,2.011978102536131,-0.23917547274861087,1.6565996160519008,0.3462232540152919,2.0641930151168078,-0.38689683690565285,1.3581212612125784,-0.544895628647163,1.428466949358777,1.2507591712369486,2.7320415725621743,-0.06294405636985206,2.0061904120551683,-0.5490623744391264,1.9981049109370406,-0.2393780845253396,1.8561975727203275,-0.12147325332287111,2.0105563572319776,-0.036259002802156326,1.5846318206530763
-0.10920577421654441,1.518943554471012,-0.20700138695094553,2.4553963651007047,-0.25657825201437956,1.9423844898814544,-0.11152682428379909,2.1577910297842036,0.7777757862627752,1.796914280799424,0.8447977949807839,2.054720816249556,-1.1079539052233027,2.4930555317045733,0.628643831915126,2.129259191474613,0.3442697089527229,2.038893323139413,0.29664815332303396,2.100493040892751,0.10980218026382747,2.532857636670371,0.5927504442172018,1.9090673457817966,-0.3366603466175182,1.598608470336432,0.21158777092040165,2.0022509803040713,-0.48350767357957436,1.3242460662233864,-0.6121522337006112,1.3671430960155833,1.2170266580361184,2.578491727580655,0.13332594232699674,2.012069418895973,-0.4930474203153921,1.893982580592458,-0.1756974112909343,1.764143812718518,-0.0801901838867713,1.9010572212229289,-0.022118270502370137,1.4948229062819682
-0.18739156579950975,1.4579265396046497,-0.2278462827874833,2.316116638376161,-0.41213633551724127,1.9103424637714528,0.12927074960647592,2.201683166751092,0.7466934993359113,1.697628391544239,0.9760940205937728,1.9908478912948342,-1.2237401758144346,2.3850766985947454,0.7427034043804345,2.0467049970254236,0.5132757954365578,2.011042409760111,-0.13955778089101037,2.499486302634141,0.025817552529233588,2.4059837075195194,0.3835338431871241,1.9428266784355008,-0.2989144999263933,1.5129483620151303,0.20709742967515654,1.8878056000765597,-0.3815573910890317,1.2983898473902233,-0.3093340371054245,1.667983365913339,1.1948134398732784,2.4322653750120242,0.4142769370217431,2.136197752182015,-0.23888796856907543,1.9945211924731332,-0.10820568416236895,1.679903826315062,-0.07809177322757067,1.7923489501803418,0.04822287990494543,1.4306265405848066
0.013168819787060243,1.5430521654751665,-0.39641579760569895,2.2617813826561193,-0.9719537104662518,2.6597571086585075,0.2509948589009493,2.118938770030087,0.6170115758291606,1.663512060788587,0.7510981332931217,2.035145341067739,-1.0978467312029567,2.2913395984545475,0.6327905064435296,1.9675394595339533,0.651486151545461,1.956628729608448,0.20392726727060692,2.6448581526890216,0.10475851751085759,2.2851098967382604,0.4025846554197096,1.8329250060025521,-0.34753644783635873,1.436514001518787,0.10927355121629469,1.8123994562483587,-0.4755092503298139,1.2674337269755427,-0.3757990435529004,1.589663966962678,0.9661696442687897,2.4284859758793944,0.2123748443361375,2.134135701839946,-0.2834343358963515,1.8868904452217388,-0.09258059035583198,1.5847702503151269,0.1670079781584774,1.894678095436615,0.10610633286301492,1.363903415564786
-0.2909771762824293,1.8019620924851771,-0.5852415705119983,2.2322711195337797,-1.0937933021047537,2.5435626914154565,0.5790724573160989,2.303597482516246,0.3104666725332085,1.8995570993188104,0.6616513621935481,1.9440682489383823,-1.2222070668313487,2.203610710783137,0.5257880936938416,1.8923571132130805,0.8148203659189118,1.931083607677954,0.3887935230277196,2.575989685963363,0.063815031700275,2.1591721282499945,0.32857014163682174,1.747363376588744,-0.019849241607991456,1.7738927493669243,-0.007842995662843532,1.7571165054300704,-0.4159622464450708,1.2129463229894375,-0.6029970684535358,1.6962159158923469,0.5480904248560273,2.7163553766003257,-0.15943121998784868,2.3954274495016348,-0.3702777865832797,1.8046988286798609,-0.2670800866451197,1.6138801460677386,-0.054726335158105925,1.9472690937092156,-0.0715677856161646,1.4280659173014858
-0.16085945075326033,1.7587529526686334,-0.31516166496349185,2.3067057294562514,-0.7608977436717331,2.66557955199183,0.8457842948644724,2.363551079845954,0.24687276731526236,1.8046667194457433,0.515422443780169,1.9028437629588018,-1.1279730981593572,2.103542139955298,0.25847663683627126,2.014067724720022,0.8133433886766211,1.8206504075782974,0.36330654756789893,2.4303003323436485,-0.04912194859793603,2.073623184518921,0.06593129833115118,1.8860286901368057,0.14764353573418137,1.771988375960425,0.22995468655698328,1.8535227257199152,-0.3439139671924901,1.1709879617650092,-0.3235298975106385,1.8740448360118174,0.3172419413046148,2.6851588969176174,-0.23984875160068758,2.2758624509203944,0.0643257358355454,2.2811382949157744,-0.40011132990479575,1.5910715219669018,-0.05305701587456486,1.8359121836743906,-0.2081187209186928,1.4285212045166984
-0.20707311502552886,1.666020637872932,-0.6090853279379801,2.4053217327105663,-0.7772777999699795,2.513784850487241,0.7996422777537714,2.234208512303945,0.2964338167144241,1.7102556171562502,0.2671218681905784,1.992997865640913,-0.9494605535799349,2.07911456633416,0.23722124567503525,1.9003346921572344,0.6422007504909067,1.8178137522092135,0.010873123063034925,2.6015786382934243,-0.2299219881676352,2.054671016243494,0.3206590354594567,1.988699127208231,0.10568174517847016,1.677075150427787,0.3142724451181538,1.7722056327590847,-0.1829933957960894,1.239094641961013,-0.3597906871108788,1.7714082694576994,0.4100481696574073,2.552298658418513,-0.06290059372169493,2.233098761997668,-0.26895522765467245,2.44601983804521,-0.09449886295847437,1.8416766666076743,0.24438368019362142,2.0192516439359007,0.08039265201818437,1.6826451401344291
-0.0374901860914211,1.6789023796316058,-0.5282739408239714,2.285289525406646,-0.9234179240466687,2.4244627616003185,0.9222762021902716,2.1496201253065865,0.3467816462383336,1.6220232099062304,0.05094188202093361,2.0253131567413836,-0.5917337413463634,2.325182692476497,0.07407008446303899,1.8802537858332125,0.22520310741028904,2.250016011760174,0.13398496449074807,2.490267926120195,-0.22159119772827926,1.9373813399522468,0.30195062218128405,1.8761039496337677,0.12268585339172587,1.5822787311705848,0.43987519024085137,1.7275888107842845,0.07297455448651183,1.4715826448947296,-0.1947843402969166,1.7669206877315253,0.42795898180634767,2.4071448099638095,0.09960216893970814,2.1806886504718044,-0.3887746438793609,2.343865291928709,0.40710618385410496,2.4678155451348,0.1695361760297263,1.9216675047426552,-0.21666077725729746,1.8961023977218725
0.16225817876996,1.7300815851600384,-0.24361394992740398,2.373319987447551,-0.5443412079431119,2.6422016218633817,1.0294464667309786,2.0610227957436464,0.2590166202946465,1.5597354235565672,-0.3383742270415656,2.344912238781135,-0.6428901865982195,2.1994864156870473,0.10543690932536287,1.7761087598184606,-0.01142353386800869,2.2769305565780287,0.5019511981642709,2.677174737055016,-0.11970341811061265,1.8609882324261457,0.11257233317405939,1.8886557017229304,-0.003844880600606514,1.5559902454645895,0.6271438694044259,1.7554409447549746,0.11095201410403176,1.3937597220122502,-0.3899050740832463,1.8001234777627493,0.34606156717032827,2.287467294404512,0.26690782289187026,2.1375545197790857,-0.2012762609956176,2.3049887164801306,0.33002566854884874,2.3422321538045088,0.22269213475868666,1.821271202716338,0.10662672862198481,2.114980002046624
0.38560451436717197,1.8083956287026057,-0.0690773146912774,2.319293862289763,-0.3496911275698516,2.582367286069223,0.8371831066951113,2.0561207182985966,0.37020961557412874,1.5210458307760923,-0.3365792694210481,2.2108133663302136,-0.623136316125043,2.074845312472144,-0.07523310492253782,1.7896952117593155,0.37492742437403115,2.536285100488278,0.29102923356597776,2.629571254624034,-0.02182179958605064,1.78761501096285,-0.01099447297658643,1.8322944326491646,0.07886649266434664,1.4952284846306865,0.100789137933533,2.474941226053559,0.16953988980061288,1.3299168149123506,-0.37087734926710786,1.6984758610728978,0.5661160917147782,2.289752347082676,0.35799606401095335,2.0403102172611587,-0.17398912251910081,2.175257035557759,0.11258481103461149,2.3354578331868323,0.34055033391228706,1.7658548893634998,0.04720029739620837,2.004816099977546
0.4009800816304351,1.705818893827143,-0.07509043274970523,2.1867522720033428,-0.25059057686380964,2.4592064552934025,0.5203858272549529,2.2326047581346504,0.07922818535347531,1.7582303146828862,-0.4646413451826196,2.131915007772082,-0.594419040088371,1.9587575307726561,-0.12445408803878868,1.696092541291964,0.24468928867084302,2.434195139779364,-0.1915564655180534,2.9987950382113047,0.01593927461620319,1.6905419341178265,0.11255766383820047,1.780686118064294,0.18342416939460227,1.4563355696924531,0.01181216283703148,2.354039832808969,0.36609645726346207,1.429810521250142,-0.440112216603806,1.6195281672018926,0.410915429030393,2.2259410872335157,0.28759912544187544,1.9393027511875112,-0.04542481408991139,2.099526701165304,0.10187894581523742,2.2022088415260703,0.3095592502598248,1.668385684212495,-0.1669957903429581,2.0330900618991428
0.3393204810428623,1.6226437442303618,-0.3494571423545747,2.2738993440106494,-0.17922788820817975,2.3319462730753844,0.4000197405563796,2.146570170692151,-0.3206476182760227,2.1684624130648706,-0.6592652428499017,2.1220305677100675,-0.7138577735135229,1.8933528675492068,-0.08694402525361243,1.604459403528045,0.1460819785554768,2.320728381950242,-0.40982035491204644,2.9284519468498704,0.1863451549398634,1.7015566171879113,0.20041170667530525,1.706710970168636,-0.20618071145817793,1.934034995738918,0.1291906922992991,2.257027971698621,0.6162095946609086,1.6067942196355574,-0.5296606636698074,1.5586694309853995,0.7757316758781184,2.4557983116317743,0.16841061828983725,1.8752721376492432,0.09065167540156961,2.035816739198417,-0.1790578812536601,2.2968479691852615,0.035005440494866195,1.8426992194571346,0.027552542361487298,2.0339080475154567
0.4017173309212025,1.5453173755913499,-0.0979624237099443,2.317143862104861,-0.3295020511639155,2.2604778995652564,0.11819936399696983,2.250891371397668,-0.3812742253653898,2.0554034018381215,-0.6751426462796135,2.0014394807441014,-0.6397319297738278,1.8037827883080668,-0.15548090486719515,1.5315577852465878,0.002733143525760787,2.2446632887262115,-0.44737848448083456,2.76409144969932,0.11945062723780642,1.6211996906948154,0.3024830807810691,1.6481956761142034,-0.1310626806231017,1.8422398793968786,0.27605154489927924,2.1890102843051435,0.4749555209665992,1.593357732759834,-0.6082348248047482,1.4949816806195821,0.8335618172037207,2.32415907268603,0.2917371848134794,1.8198352594276412,-0.013550167990032613,1.9536513115214886,-0.5860773765630564,2.591164911776906,-0.18492779708398926,1.899856500318273,-0.09987656841201,1.9686559198251303
0.05513886042597862,1.8949311425081523,0.10768540396931198,2.2998854709343326,-0.2820217001360488,2.1376535652723385,-0.012298134419667095,2.17064638112168,-0.34357392347180565,1.942329916998803,-0.7346074245736663,1.8983924938098269,-0.6643607279633506,1.7028010364037778,-0.30125940758414865,1.5312669010542697,-0.2520400616070101,2.296086978219445,-0.4417190316411794,2.6060855186171885,0.5362791024063595,2.111828198113327,0.5869009249053322,1.8448329644437473,-0.37615588112954473,1.936737137235254,0.14964202262395676,2.1106044053713293,0.24079196117840337,1.7108118253871065,-0.5505637026405058,1.4238296254035114,1.0322187929177542,2.2986669688025074,0.272905901532347,1.717019732849468,-0.06154564269100817,1.8495470854350615,-0.46817633109484497,2.477502259616982,-0.18230552758983273,1.7912253461780405,-0.04102849249452805,1.8674340568339907
0.4938738270172091,2.354660463347267,-0.14806446350319116,2.3454605056875533,-0.3793524072380746,2.043922194673764,-0.2786713954515163,2.2484232563241773,-0.24477849774552166,1.8635337706040807,-0.6714652541793903,1.803383092026358,-0.4552309679136688,1.764058741017756,-0.20151963727256153,1.485205147599844,0.011834642451657228,2.3531399314064654,-0.5932232624031577,2.513482364194157,0.44633704261880586,2.0157270499704656,0.5666703266836574,1.7407625983737125,-0.3036996141916015,1.8434597930706793,-0.019737455617149256,2.0761353651328585,0.3860685619538246,1.6910417169336651,-0.4038569639244642,1.4370433306592583,0.8387786497956697,2.270268179325709,0.2528352752411026,1.6203417132172109,-0.058283395779536756,1.7438070107915196,-0.6415620266576172,2.4131819820886213,-0.059704048232215694,1.7423269698180939,-0.2675549709272349,1.9305453072588137
0.41570421809162106,2.236752627130081,-0.1587063461493026,2.2116343211201377,-0.2923572355980279,1.9508813134010046,-0.20706277601361905,2.1345651261034546,0.16812815870011863,2.273914262933164,-0.8118432039872311,1.7696572543229374,-0.24038039321917723,1.8249173671767553,-0.09359137731182889,1.450211121275997,-0.13665600659260077,2.2784883465464394,-0.3548716701674182,2.511971596802107,0.5176742521294027,1.916740115709904,0.49651875679235213,1.6594300257946002,-0.2723528968443827,1.7414821243563592,-0.13370637191668064,1.9975397357170432,0.4717128897795945,1.6222008816912814,-0.4600647525203106,1.3690334375597473,0.9352937394554778,2.1668617534478405,0.2783640649236377,1.530277652440365,0.16644166853707076,1.8221492842128497,-0.5130377615548686,2.319114097347412,-0.07134663214062757,1.6431858159499217,-0.553411760688235,2.0764444218905473
0.4054891877279887,2.109132962269168,-0.26780221979594165,2.1197437220358037,-0.18349303025287023,1.8782722221474186,-0.03875114254882024,2.096746550576001,-0.09694745051543383,2.335585752070597,-0.997674256802694,1.7904730660786508,-0.1609135798056924,1.7428340382497385,-0.2263865710599514,1.4439413789758004,-0.31516396593217716,2.236992853339232,-0.22092208103022618,2.4141638670430594,0.453436424991275,1.8210209650776188,0.3210549975320821,1.6804857919853413,-0.07569133606895079,1.7800254230129249,-0.1411614946809067,1.8834788628211179,0.5966728138775353,1.5905950561500808,-0.40017678199438844,1.307607782545489,0.7246485806753526,2.171614120350878,0.1593130262466175,1.501593376960164,0.1725112724246201,1.7180698641113359,-0.1824356984054843,2.4731687103698734,-0.06349203863818777,1.5494537896451632,-0.3684475839546258,2.0617216007724264
0.5189097095598619,2.027658705810174,-0.295029234803343,2.0007790625699635,-0.2065478381213305,1.7726853447106892,-0.00030158326866503387,1.981396514408491,-0.027671517866854563,2.215290135878312,-1.0399749774845697,1.694539564127716,0.027319907227267768,1.7700366254691442,-0.08976114141024953,1.4427231015731063,-0.23753068628232518,2.1264487369826908,-0.10484087427460288,2.3119912181997044,0.3955501897186831,1.7287609123223198,0.30231023064027124,1.5857318768722086,0.2864777295498272,2.1022800210620107,-0.09001185099342023,1.7847418885585762,0.8271265931075127,1.702348865569254,-0.27713182976726863,1.3057186838983608,0.31186190854500045,2.5048946559661087,0.12319097355138581,1.4213369939698761,0.06321673040251535,1.6642681115627151,-0.17548319358361916,2.3318525030823656,-0.3217261877413988,1.7172909125163969,-0.4918511015844755,1.9911106551846662
0.4359421341272544,1.9335746016418662,-0.08385389455742591,2.025679242290634,-0.07391810778028605,1.7344316277339207,-0.0950890124548382,1.897242719169367,-0.09376616355476246,2.1013386825678824,-0.5878154336777078,2.2474929863015625,-0.17874950408516196,1.8176707773860605,-0.3840784759515144,1.7055496298119142,-0.42784851998779094,2.112359670789986,-0.09960818772559533,2.1798429875973904,0.14862141019573605,1.844391943554061,0.25363711980124876,1.5046949698893024,0.2978999321948395,1.982450829826301,-0.07437125109660246,1.683558994457529,0.6630777309065509,1.7043818198878093,-0.8770662437550419,2.431975725651059,0.36985845980282905,2.3703251979248843,-0.17058973068240374,1.6883710770124538,0.07186925368250464,1.5693785767628037,0.02694316590647028,2.3095862106749085,-0.18297886444200848,1.690177334390724,-0.18378761149043477,2.164242635342304
0.5476954797281488,1.8643871512807049,-0.10649901518775007,1.91146887395523,0.04337745231303148,1.6858704278735346,-0.04455818647007808,1.7974398325503176,-0.004613814775613542,2.005528182384915,-0.36575600392019686,2.256692287537057,-0.2337060886839991,1.7244529348524344,-0.39311706494460014,1.6083180616898758,-0.2614790233781703,2.074747001028079,0.15007555198372166,2.2328691132187215,0.12934566244139042,1.740214677728674,0.4122953418574632,1.52322111461737,0.2348014233128971,1.8820451860786274,0.09363655599280651,1.6924635449637015,0.5974281575550707,1.6232143836176176,-0.8491899474545467,2.2949588984396403,0.5559219088302418,2.3275091389814264,-0.3629795828991819,1.7280785484171866,-0.046503857387139864,1.5364075780964592,-0.15531985184336622,2.268814829049592,-0.35838879064652257,1.7074394740117957,-0.12296915413079373,2.0515156131824943
0.6633007843209909,1.8036265968685632,-0.2011041823714761,1.8322488062233517,0.06827359417901081,1.5918351660690653,-0.14806550613452324,1.732847168607557,-0.1835081817933922,1.9915794324911855,-0.258710187658874,2.160291888475817,-0.4377380870103322,1.7754216899305748,-0.24107082921819398,1.6068078173925993,-0.34436024248952957,1.97743446468601,0.25227356502781045,2.135273168572918,0.3856529853168134,1.8694341333441813,0.3724446328658839,1.442848617720204,0.33999024830809094,1.8121156585285587,0.12623021095482348,1.5997333425732387,0.6811719182902135,1.5581339053243612,-0.8847943795941404,2.167285426490332,0.45760162049249725,2.221154530549031,-0.5835101821987672,1.802459915751402,-0.15791513220181044,1.4999910335065014,-0.13083393063598286,2.1407713424328,-0.2077941383693208,1.6936961186740365,-0.36854940359945404,2.116175611575755
0.9477398484545538,1.9698890307161658,-0.23486944355446884,1.731489266439549,-0.21295571082448977,1.7941697240003598,-0.02914803871744183,1.6858108673496628,-0.26118188101786327,1.8972132041499652,-0.40850783259952456,2.1029929765452926,-0.24824903182587865,1.800205193255732,-0.20912544919095702,1.5190240543714264,-0.41124711289732213,1.8789506638502231,0.17007097279082123,2.033563684060634,0.5484377433325665,1.8521203569586484,0.17106182876127757,1.5317220079247986,0.44644766048273093,1.7485471793538412,-0.3509912442616798,2.249064226240911,0.7702947905076738,1.5017015398881748,-0.8886328586359048,2.043380360806518,0.3348028603036013,2.1376770490433503,-0.6051135423879791,1.701052992576642,-0.45263188936395865,1.7497352551977752,-0.15916868945153823,2.0207680048804653,0.3573815529633961,2.5404602419283435,-0.43915492187171756,2.010360914677832
0.764974774954592,1.964067216454052,0.2590665318201342,2.3763053229980917,-0.3541607756080337,1.7621210616569123,-0.03014482905278409,1.5894015484102733,-0.29952308610294726,1.7937251373985563,-0.18602699470360493,2.129824855360083,-0.291984454005532,1.7041229901315755,-0.15560925321651511,1.4443187851234875,-0.432912161973831,1.7731101349552487,0.12530122849075942,1.9236402515820041,0.4563074071463045,1.7756525688171456,0.32726005115453594,1.543918024276006,0.4684760856803176,1.65034392288549,-0.27783650951413236,2.135805776225171,0.4972244474415586,1.707606364608632,-0.6802839041759994,2.059618301804086,0.20149530109342334,2.068604062747435,-0.7562320597992471,1.6885463492449277,-0.5930742780660122,1.7211828880205693,0.039856664092379646,2.0282791470507857,0.5721026878918416,2.510048121780725,-0.3309667553811224,1.9327563158654464
0.5151051233265694,2.047445914480732,0.09852772248228799,2.3096323403489034,-0.27909792746888457,1.6819417520718518,0.3877586928044164,2.092854168901181,-0.32600318285886387,1.693672225141638,-0.10012149094806451,2.0303531282727105,-0.6076711380165881,1.9492069724995698,-0.1852054787684079,1.3656421788889785,-0.26198167529333183,1.775301284161202,0.3140576323036875,1.9299488288522808,0.5509730509215369,1.7065009884890563,0.20183191925786625,1.520234145536445,0.2786352495760447,1.691594587832084,-0.08477949726677018,2.1237582413055986,0.047562084953643335,2.2501590659284196,-0.8204801367320738,2.002727822843734,0.1944486046545723,1.9504542006556858,-0.4721417468059003,1.8763828631296422,-0.3551663787100407,1.8234821028727621,-0.05700926924912428,1.9420339103779767,0.5292874481515645,2.3712251524424497,-0.1013408384449025,1.991215781663447
0.8930072939333207,2.339168507117506,0.06294770257492223,2.1810921204375107,-0.3686559596476094,1.6163640604403882,0.04087788440959046,2.316035910628515,-0.18214696519996473,1.6741369948999434,-0.07567485550567894,1.9161422697755122,-0.6966591408476832,1.8638770132409748,-0.170877574191855,1.2885137976037062,-0.11731284918653645,1.7485153960984,0.6436201808460106,2.1536759771272345,0.4577157586725457,1.6416058016145358,0.3215907894256773,1.4931895550675396,0.35307488719910723,1.6159440501213111,-0.21004162241640467,2.0496275688735337,-0.17294688302653236,2.2571956327709906,-0.6720150810630657,1.9582292415503975,-0.010814166727946238,1.9739633368080913,-0.6312663566087753,1.8544772174782738,-0.015815947736068727,2.0888102537681434,-0.13510967486118144,1.8512137082258062,0.2748961875405556,2.406018155258096,-0.2135362118475874,1.9178744169462145
0.7880371515649192,2.235713528267266,0.33144384530974846,2.2604626457544184,-0.30000859622349085,1.5427044385546456,0.22915537840165048,2.2806311099342453,-0.1080848350214937,1.599487741798185,0.07039358619165839,1.877343526450528,-0.787919093674316,1.7860080207856444,-0.0744236434080142,1.260754277623912,-0.22530709956894207,1.6911978698828793,0.709639398641259,2.0435807571420694,0.45092992562677153,1.5479025985532016,0.09576941597791261,1.6140495165385245,0.3889123992817689,1.5286696243949427,-0.16615926103169823,1.9384876163639713,-0.1972362263833728,2.129797954394349,-0.8212913851633101,1.9185778803277271,-0.11588103500014012,1.896972593647227,-0.7738647504652719,1.8181021610923318,-0.049314713630170655,1.972828331068045,-0.3145950012948106,1.8547112866886866,0.18053443859612403,2.2922779129182658,-0.23345872347468788,1.8095302627128516
0.7912166436239823,2.107880237281337,0.18240089320032923,2.193957589884152,-0.12529140623217228,1.5775285343614236,0.3610806798786625,2.1991083406558043,-0.2042651722558439,1.5450444290288485,-0.08858981353777172,1.855193283829468,-0.5115425570750207,1.9413865635036787,-0.22000924370439784,1.2930360122113278,-0.04304556460527247,1.7170815441962866,0.5078057056871031,2.0518509488036294,0.7229458535405219,1.7418767908694754,-0.11162622142633781,1.6856476262941738,0.43128823118105736,1.448837648622334,-0.014501994335662976,1.9029762020453975,0.010014840875429558,2.134716872955527,-0.5207462892268186,2.091876820229594,-0.045422157332090166,1.8053663846997936,-0.7779367555081476,1.7141822695807942,0.4052928688006537,2.446537211182679,-0.1900337984217602,1.8020462416835774,0.18752938660817342,2.161318693739475,-0.5453661402220968,2.0247546957543534
0.5787606253190176,2.1215928064208356,-0.05665479257158394,2.230939950102472,-0.3610641038176755,1.7004422416842684,0.4321529013868479,2.088174604908085,-0.3726267828683401,1.5711042759603606,0.048759731185764064,1.8138074037431624,-0.38860878335069116,1.8801374864340963,-0.26348877071640986,1.2285261563087921,-0.12607294030072047,1.6446966014703162,0.11300824162769496,2.3764093518467497,0.4972938408043161,1.8219083228023127,0.04900039777400458,1.6855386065580857,0.4684735926230512,1.3721494443284084,-0.16741983733393526,1.872098428745605,0.0005967348180640083,2.0128996801418384,-0.304932560775427,2.111631839775975,-0.18706808499957772,1.7726870637775411,-0.5656937654642732,1.7783433732070655,0.23371674479349525,2.3833350792962684,-0.06893467847647307,1.7509399034992854,0.7267720515035928,2.7760179243747323,-0.3217590131712001,2.0628208524388683
0.6114376493592191,2.003516490769465,0.18423143031557865,2.2656768291949656,-0.45972072849687273,1.6398738025183481,0.24478359876142977,2.0748650172149405,-0.16067330182575754,1.6562548033102662,-0.05684634322056247,1.7494751310561276,-0.42439441047503546,1.777020070077146,-0.4227994697853931,1.2852151141191255,-0.20679776578856782,1.5761073710819196,0.46512104281897815,2.556402593582162,0.4153651784951458,1.7414283129222592,-0.12951865392799441,1.707301927794134,0.4377366982759519,1.298130108815394,-0.11461615368422157,1.7746588218603785,0.04488518107527605,1.9040857325010778,-0.4203968032164143,2.031376961984084,-0.6718147547609824,2.380174646523954,-0.40864296344387285,1.7642494850632497,0.0667055871841419,2.3216490486504293,0.0770725605295456,1.7279183650973524,0.5466952368088627,2.691906524763204,-0.2978158841813477,1.9466466617377824
0.5231596294904187,1.9139794959251415,0.3940107936410035,2.258493694067941,-0.17688906932339252,1.835235404908848,0.10181718122181144,2.0190441175398712,-0.1308314947757885,1.5650132575649838,0.11733364510706613,1.7582364709557463,-0.2760847694901274,1.75378749164499,-0.33980402101588325,1.2459681649799552,-0.1828749822245672,1.4883200266112713,0.5863086043620893,2.4471539142847605,0.3025107454250996,1.688574483908769,-0.009244147816996088,1.663673787182499,0.3426868574779235,1.2681975915638388,-0.01928922383259782,1.7060319803925108,0.18445545918912967,1.8603203037326352,-0.44764598066312133,1.9175683628927582,-0.44350898261141136,2.381769617539137,-0.3200748387037125,1.691924754157107,0.0558107350997237,2.1892030817681656,0.187833877680613,1.674485083142476,0.6224236414311296,2.5517251886132817,-0.5876803426774103,2.0965002657379204
0.4559947580353315,1.8197302389184713,0.22740596290077092,2.207553668355167,-0.6757489470040464,2.4567241391513126,0.1685444064951405,1.917813879098728,0.06423822113953973,1.6254870490011721,0.07202530967978596,1.6652319451690119,-0.24970005358436886,1.6560576138152938,-0.1764600531176223,1.3061576835431992,-0.17957549142730017,1.4032489896761704,0.7311259256910763,2.3620947497896188,0.447551998261561,1.670806074735015,0.02367928978014439,1.572744189237351,0.10435460044981326,1.4573511043213154,0.14066944067060067,1.702902950305647,0.4730669932486089,2.0234448347908884,-0.10690921445852113,2.1650690836740374,-0.5477505917951281,2.274933613869825,-0.33379126979042123,1.5958825647003083,-0.035229325268698174,2.088396334535008,-0.1454465757632689,1.9621288614548476,0.7417458256510947,2.4416881161014734,-0.7825878877695088,2.0907545564709005
0.6472752217831332,1.8413777715717643,0.4503738623805409,2.222485116839884,-0.6609309366772009,2.3168009803849787,0.3318366832885197,1.8961118415662528,0.01285139876107108,1.5430176703215719,0.2591171795015375,1.7007955622970772,-0.3650049611899729,1.6125441923721346,-0.1972799402238512,1.2336064833169387,-0.16625560377153814,1.3238151075586793,0.4993598638748333,2.3698250913176557,0.6873709712978755,1.7844759235657524,0.16456624321639268,1.5624624077105933,0.012424258178851259,1.411091326733345,-0.046293936752335056,1.7334650962736275,0.5227236677844627,1.915604586355353,-0.24605683380840115,2.0984126194560173,-0.379185183923077,2.2243140320990946,-0.31753527669840254,1.505685432204303,0.059201599650672954,1.996443670205101,-0.3571376048546917,1.9924590459861733,0.7168672937777505,2.3036881154354862,-0.8891049523193185,2.0060487497583837
0.5432788449200486,1.773729714007562,0.7316305847711907,2.314618005068625,-0.5351513144217389,2.2281230449995433,0.3413882979410782,1.7879832398386095,0.2528922343204057,1.6794636891433683,0.37148129108007827,1.6509415041332314,-0.38984773691700686,1.5227999855699081,-0.3022024252571358,1.2195281287204789,-0.045170498532717464,1.3179389553466245,0.6739389506232674,2.316154188779341,0.4497312564878305,1.8763683694347413,0.02934951456950887,1.5470941295691676,0.13771244692545762,1.4006393058326834,-0.1786609564315983,1.6985785884038536,0.7240963240223582,1.9384109065864272,-0.2512661546687045,1.9784862126989615,-0.4670832505617153,2.1194981329501514,-0.27837514726196755,1.4261601786748408,0.1835193821570769,1.9317907306037796,-0.643683258548188,2.1289295609929493,0.6804342396518024,2.1756695491327998,-0.7027201405046152,2.0004214966831824
0.5621216874870458,1.673585392223909,0.58746094386091,2.2396921778753636,-0.47947923365322825,2.109691665010811,0.2989134784400109,1.6922544023229116,0.41376277670335565,1.6803277696109937,0.2964183610321253,1.5784891363427878,-0.19721522157674487,1.5858106873390407,-0.2663490569497078,1.1565942290483955,0.08308946566830464,1.3209959519668164,0.4472276704024235,2.3230808641718252,0.5381496773856123,1.7958602379877209,0.1120247222397739,1.4869757848265348,0.1426648913427975,1.320648900182341,-0.031933681877734446,1.6815843061646347,0.6204271161096443,1.8631424546180981,-0.26000476999174976,1.8655848509388595,-0.3678933821195654,2.0281471561996414,-0.3118808989661933,1.3496893772519993,0.11305200470372817,1.8378956884963205,-0.4259813520960089,2.1466273757630314,1.0198341728700517,2.3697036502419566,-0.8270822584895666,1.935479909422547
0.5037648169804723,1.591006396991377,0.4224618086974893,2.188974570168597,-0.547083000412968,2.00302884519476,0.4245934756082769,1.6548682553522662,0.559140863107634,1.6637587294145992,0.33734607247506515,1.4950764439932984,-0.1375653617894472,1.5095899341513845,-0.7075725011875402,1.8890407835520042,-0.15950355356111487,1.5067954763734241,0.764502654656861,2.455076675235134,0.3483891456469212,1.8184825325197531,-0.052724033210872004,1.5156374765814238,0.09309980415269631,1.2571194986918162,-0.058187584348163394,1.588067506379146,0.4908989090264898,1.8140173237235462,-0.3194565109117485,1.771128037696961,-0.26760731660254206,1.9440321653906991,-0.12469683424948945,1.4309071508724225,0.16959570695638698,1.7440239366169203,-0.5156450221352364,2.047991586157348,1.0014382130434463,2.235103486715102,-0.8601977287227567,1.828456836265995
0.7214605578299345,1.6820446802223725,0.3144626271977014,2.0980387112006142,-0.44872850734248027,1.9195223112721682,0.31683219896392545,1.6050644065451591,0.24701317094226838,1.9108273793027968,0.3084337357588859,1.413191036101239,-0.05210834955494132,1.4542739027407299,-0.6181432623350308,1.808238412844374,-0.061362396946432037,1.46146602155122,0.8751389273036246,2.3467626443686536,0.6656822823867059,2.0420379955403627,0.00690321240415888,1.4440818155301898,-0.14615787050468726,1.450657372404346,-0.3224270680381908,1.7592972953244452,0.3196929184291314,1.811982794864344,-0.3549992334553048,1.6744524004106602,-0.22224871620836825,1.8396981265008978,-0.14605076028634334,1.3511361931777306,0.22572569797598405,1.6559495188241982,-0.35319773355917433,2.0126532976258784,0.9269567091247751,2.123302594164379,-1.0309203124047375,1.8242842517424138
0.2882379500518711,2.192897512881528,0.23894818221102385,1.9955895515347428,-0.6080318600139862,1.8934993655702723,0.3445702106838278,1.5163731472615978,0.4048246400366331,1.8841320065659157,0.06687467144348336,1.5774612940121278,-0.15144405953652454,1.414399551991822,-0.5440816558722852,1.7243734009195666,-0.32928445620217356,1.6661035295006958,0.9398303471713372,2.224078012483883,0.5191769154486907,1.9922174658579344,0.15290024410494463,1.4540228860631297,-0.034871862589806686,1.4219531875490465,-0.3622342830815667,1.6645093827489401,0.44652567631356843,1.7649606077775393,-0.05971576578208981,1.8862509147586684,-0.372768438227097,1.8125517344963884,0.020691296017283145,1.400907347541358,0.1264638823855888,1.5993460592423365,-0.051164326980268064,2.1715546409431874,0.9667391192710568,2.0066943981571232,-0.9412057870587361,1.7483154055524879
